{
  "IsEncrypted": false,
  "Values": {
    "AzureWebJobsStorage": "DefaultEndpointsProtocol=https;AccountName=storageagenticaidemo;AccountKey=JX03wz4lgj4OHO7BzPPlc8s7sVLQTR+tHYd+6ifRL7JCEbi1vjEaCaMfsEU63qXsRSHYHkkwVsBN+AStkuxcJw==;EndpointSuffix=core.windows.net",
    "FUNCTIONS_WORKER_RUNTIME": "python",
    "PYTHON_VERSION": "3.12",
    "FUNCTIONS_WORKER_RUNTIME_VERSION": "3.12",
    "AZURE_STORAGE_ACCOUNT_NAME": "storageagenticaidemo",
    "AZURE_STORAGE_ACCOUNT_KEY": "JX03wz4lgj4OHO7BzPPlc8s7sVLQTR+tHYd+6ifRL7JCEbi1vjEaCaMfsEU63qXsRSHYHkkwVsBN+AStkuxcJw==",
    "AZURE_STORAGE_CONTAINER_NAME": "demo"
  },
  "Host": {
    "LocalHttpPort": 7074,
    "CORS": "*"
  }
}